e46eb069cb1b453700c8199c9431931dad9f7dac76098999b802e03dc8d0db2e,cd99b3858f1d659f9d16039abf8c5fba
84e6023a698dea8d7eaefeda3ec51a50a89ec6def850703720f171550e106aca,c23a4d192be75dbd583be570482de8dd
d2a4ef4cbcc59b1a9574213bfff2f63fd5f804caf8c8229e4ddbd7155dfcfa88,2df7d2c105b5bf3acf9c698f3658552f
c6fcdd752637e315c81aa612209c7f592a8238014b2f0b41eb6f69cae5bd5c04,c225607427e01072bbafcce7e48049e3
d7b86b369f670a6333e03b12071b4a6361ad3b92d51ef3187dc15d74c7c98f87,1b248d469cf00b8dfa896f069f04697b
25baa45374593ff558152aaf85b9c483667f620be3984852b6558a63a927af2f,483e4b3c194df6073a9c41ca9f274067
0ce809ed234b06848d02c6adaa8435d2b6ddb803bf161b326f40f45ff48f9c1b,c4057d22ba56c3513af4c94f6c21826d
d3870bfc39a2fbd377de1c529ab2b45078506c6c53eb0d35d4b8ddc56b1b67cd,414915421ae4b3cdb2f04521a8ec8475
15f1c68ea20b62af0ec924f62b8355e674cd254b6cbea184823dc70c573eb091,29d880f7bdc161b98a6b27f7f523be51
24e2d75288c7409cb1e803f20a2e59253dd62ccd8bde930aa50a7016d6cb62e7,41c7a3cd57b26ce28049301838b5f1c4
7abbfcaff1ce239e350f4c1dde880da50bbecf5218f0e9c67d16b5291a566dcc,42423c7e05c8273dda2be4d4ec11c62c
5af839c0c65d6eb6c59b59a9255cafd11d8d05190af123067ff733098c6df080,10cc82ab0554cde23c7ec67d3237eb8a
0159388947ab60e445baa6aee63226fa7508d428c239aa7c8b67a74c98b2d746,a6c5b334512af02a0de1c83f74f81fe8
47abe6e8bfe75077c60b7941cec72a900773c75075b8229a36a550b78bd1d8cc,bae611067bb823486797da1ebbb52f83
03b4b1f0584e3bd8e3de9c15eea95b415403989627fb0a1e22d7ebda5e20ea5e,8de86a012b3043ae6e4457b9e1aaab80
96505eb290a053098c50f1690fff48b551e9e1cad32c7f387afcc460474de805,7af7084b50badeb57d49ea34627c7a52
a4498ed1fc2e628b563428a8cbd28c164c51b0f26ed6dcc8b072cf3baf25653b,ec615c3035d5a4ff2f5ae29ded683c8e
fd0d674ae67041df0ef0a1e81dda7fb5462dc7ce88c2d47c051bb73b8a7fc51b,37c23d4ec4db0806601e6b6dc6670df9
f6b0f3f2a36a4e51799cfa1a0b496c45294f155817407889345b8197827e7d4e,ff220dbc9b033e5086f6d382e0760ddf
f489a265621aa70a006e75b0579156ab5ad4893119b8a055f68bba27e19aca48,52da9de5dc61b33775f9348b991d3d78
92407c932a1254b3137f3e38ff5e9be22f5ecdb54a598d788e25f74169ad8289,a965de35aa599d603fe1b7aa89490eb0
f4f090d4ecc12ac2d96763259487ff9b93823bd6d966805d77290efc07c5058c,7d2505257e7850b70295a87b3c8748e5
90d525ff80cfbf7e2cece7bd57ca41e14a929c112cf4213de4950e2ee5993bae,78b8a19cc53f1ed43f5e2751398d2704
301837e17b8ac94bb78eea2cfb660d5329d1d5205a8da67cd9aea487a2b54066,9a3bc899090435650b377199450c1fa1
0b3ee5a4a933e652d26de80b4aa1873cdf6ddb958b1ec871faf0750db7295291,5e852d2eef59c0ebeab8c08fca252cc5
0a8c5194f17353cee813bf5379f6f6f6e4906a0a428d63c3241e28a696b7c7f3,3dd46bd7dea09c9ee7dfe4e0d510129b
a044cd2cbeb18e28b7c99c8dc9cf26014060a346a0de6be458eeafbdfed5c86b,a1658ffb2a45e2684ac664bcce00c92c
252cccd551b4b71043dfe750f51709cecca0f7dad01700cb774bf951340d7ba3,2715ebca1d42af16a6d4560dc231c448
e8053bef82eb7beec078a5af997d1b9d83c89d0209cea84901a6fa4f6f3dd64e,b492ab1cfb415a31821138648c7a559a
0870fb80316bb20c95c7150814ffb747b09cd2944ce20888f135c98d9a4e8c3c,591eb2081b05be2dcbb6f8459cc0fe51
c76675e719488855257e4f083dfb069ad2e8e0e367777329a5067c0c97619a39,e70e23e77176fa59beb0b2559943a079
f3243e018b967baa332dd79489e23d33821f15fac52582d8dba3dc4fd30fe0db,cbbf1cd3d1a5da83e1d92c08d566a481
8155d253658325854728a0a90b4eb9fec8d09d486fed92ff0146829509e43e2b,d7abeb9016448caeb018b5bdbaee17de
76bfbc495fe772c1517e6e82949db90bb370e67349ed9c790098022a880117e2,b52272341715f2a0b476e33e55ce7501
378e5117da83fcc15c480479b4e0851b4f6a6db433104393b3562b49418eec7c,e3aa33644123fdbf819ad534653f4aaa
7955612dcba5d69d79643dec1a62a3c83b1d05727e45701107e7d7a5ea2503ed,d2be8cc99c185ef10e3f91a61d2d9bf9
28e29cf3fc14202843577a2384189d443fb213b1112de63db6087f4b47d94f76,2bfeab9315829fe0c82a15b2c57a47b2
a6ce82212be66d39ff7763dceb04be52e5fcf227d87da68c61aec7f22f02aeb8,b0392772caefd08178218f86f3e2b3a9
